from,to,r,abs_r,Effect
protein_mg_cm2,carb_mg_cm2,0.783121484396287,0.783121484396287,Positive
Coralliogalathea_humilis,Stomatolina_rubra,0.6486043681256771,0.6486043681256771,Positive
Diala_semistriata,Stomatolina_rubra,0.6185346376690657,0.6185346376690657,Positive
Diala_semistriata,Mitrella_moleculina,0.5870366340662717,0.5870366340662717,Positive
carb_mg_cm2,afdw_mg_cm2,0.5480216888970936,0.5480216888970936,Positive
Galeropsis_monodonta,Trapezia_serenei,0.509916356510551,0.509916356510551,Positive
protein_mg_cm2,afdw_mg_cm2,0.509769859473865,0.509769859473865,Positive
zoox_cells_cm2,Galeropsis_monodonta,0.5054703609886436,0.5054703609886436,Positive
Cerithium_zebrum,Hargeria_rapax,0.4806236909878987,0.4806236909878987,Positive
Dascyllus_flavicaudus,Harpiliopsis_spinigera,0.47504636260746735,0.47504636260746735,Positive
Mitrella_moleculina,Stomatolina_rubra,0.45973313208236344,0.45973313208236344,Positive
Alpheus_diadema,Galathea_mauritiana,0.452467600082417,0.452467600082417,Positive
Cerithium_zebrum,Stomatolina_rubra,0.44923046810297806,0.44923046810297806,Positive
zoox_cells_cm2,Galathea_mauritiana,-0.4460202574261388,0.4460202574261388,Negative
Chlorodiella_barbata,Periclimenes_watamuae,0.4436355275544807,0.4436355275544807,Positive
Galathea_mauritiana,Luniella_pugil,0.43943052993764636,0.43943052993764636,Positive
Cerithium_zebrum,Coralliogalathea_humilis,0.4393494521890374,0.4393494521890374,Positive
Carinomitra_typha,Morula_zebrina,0.4348245168593045,0.4348245168593045,Positive
Dascyllus_aruanus,Synalpheus_charon,-0.43474860238511104,0.43474860238511104,Negative
Macteola_interrupta,Menaethius_monoceros,0.43176198809592536,0.43176198809592536,Positive
Caracanthus_maculatus,Harpiliopsis_spinigera,0.43121977799741823,0.43121977799741823,Positive
Alpheus_diadema,Trapezia_serenei,0.42498580071933056,0.42498580071933056,Positive
Coralliogalathea_humilis,Mitrella_moleculina,0.4187477954484617,0.4187477954484617,Positive
Fennera_chacei,Paragobiodon_modestus,-0.4168657547468068,0.4168657547468068,Negative
Coralliogalathea_humilis,Menaethius_monoceros,0.41031330099590535,0.41031330099590535,Positive
Diala_albugo,Strigatella_assimilis,0.40951435871125547,0.40951435871125547,Positive
Pascula_muricata,Synalpheus_charon,-0.4081911522224831,0.4081911522224831,Negative
protein_mg_cm2,Caracanthus_maculatus,0.406316429025545,0.406316429025545,Positive
growth_vol_b,Dascyllus_aruanus,0.4046241033308216,0.4046241033308216,Positive
Cellana_taitensis,Harpiliopsis_beaupresii,0.40368961492313804,0.40368961492313804,Positive
Paragobiodon_modestus,Strigatella_assimilis,0.3943332589081677,0.3943332589081677,Positive
Alpheus_diadema,Paragobiodon_modestus,0.3918025874674342,0.3918025874674342,Positive
Calcinus_latens,Harpiliopsis_beaupresii,0.39126154064875224,0.39126154064875224,Positive
protein_mg_cm2,Fennera_chacei,0.390108846398133,0.390108846398133,Positive
Coralliogalathea_humilis,Dascyllus_aruanus,0.38679577288743616,0.38679577288743616,Positive
Chlorodiella_barbata,Menaethius_monoceros,0.3836109979370503,0.3836109979370503,Positive
zoox_cells_cm2,Zafra_hahajimana,0.3811376829149901,0.3811376829149901,Positive
zoox_cells_cm2,Apataxia_cerithiiformis,-0.38104298715936424,0.38104298715936424,Negative
Harpiliopsis_spinigera,Periclimenes_watamuae,0.38021630487364916,0.38021630487364916,Positive
afdw_mg_cm2,Caracanthus_maculatus,0.3785803482991713,0.3785803482991713,Positive
Luniella_pugil,Mitrella_moleculina,0.37536082839525514,0.37536082839525514,Positive
Apataxia_cerithiiformis,Stomatolina_rubra,0.3749074878074476,0.3749074878074476,Positive
Coralliogalathea_humilis,Macteola_interrupta,0.37486273465950054,0.37486273465950054,Positive
growth_vol_b,Harpiliopsis_spinigera,0.3737163072851265,0.3737163072851265,Positive
Menaethius_monoceros,Stomatolina_rubra,0.37247291619997097,0.37247291619997097,Positive
Galathea_mauritiana,Trapezia_serenei,0.3683633797625527,0.3683633797625527,Positive
growth_vol_b,protein_mg_cm2,0.3655784525467641,0.3655784525467641,Positive
Morula_zebrina,Zafra_hahajimana,0.36428775197448826,0.36428775197448826,Positive
Athanas_djiboutensis,Vexillum_interruptum,0.36280238437631085,0.36280238437631085,Positive
Galathea_mauritiana,Paragobiodon_modestus,0.361500923675904,0.361500923675904,Positive
carb_mg_cm2,zoox_cells_cm2,0.36070657577277476,0.36070657577277476,Positive
Diala_semistriata,Menaethius_monoceros,0.3600585625684176,0.3600585625684176,Positive
Athanas_djiboutensis,Cellana_taitensis,0.3554785370630758,0.3554785370630758,Positive
carb_mg_cm2,Caracanthus_maculatus,0.3478336277865687,0.3478336277865687,Positive
Coralliogalathea_humilis,Luniella_pugil,0.3470872872368171,0.3470872872368171,Positive
Dascyllus_flavicaudus,Periclimenes_watamuae,0.34606051008193883,0.34606051008193883,Positive
zoox_cells_cm2,Stomatolina_rubra,-0.34324809087349806,0.34324809087349806,Negative
Chlorodiella_barbata,Harpiliopsis_beaupresii,0.34314846476386557,0.34314846476386557,Positive
carb_mg_cm2,Luniella_pugil,-0.34274135348831924,0.34274135348831924,Negative
Macteola_interrupta,Stomatolina_rubra,0.3405163427870825,0.3405163427870825,Positive
zoox_cells_cm2,afdw_mg_cm2,0.3401953937750224,0.3401953937750224,Positive
Alpheus_lottini,Trapezia_serenei,0.3396854605667272,0.3396854605667272,Positive
Fennera_chacei,Harpiliopsis_spinigera,0.3378602405048578,0.3378602405048578,Positive
Dascyllus_flavicaudus,Galathea_mauritiana,-0.33742219148699676,0.33742219148699676,Negative
Carinomitra_typha,Harpiliopsis_beaupresii,0.3339559781113348,0.3339559781113348,Positive
Chlorodiella_barbata,Trapezia_tigrina,0.33321017872461683,0.33321017872461683,Positive
protein_mg_cm2,Luniella_pugil,-0.3331436895367164,0.3331436895367164,Negative
Harpiliopsis_beaupresii,Trapezia_serenei,0.3326964199625632,0.3326964199625632,Positive
Cellana_taitensis,Xanthias_lamarckii,0.3245634693153065,0.3245634693153065,Positive
Strigatella_assimilis,Trapezia_tigrina,0.32360510688211563,0.32360510688211563,Positive
carb_mg_cm2,Periclimenes_watamuae,0.32236237300495857,0.32236237300495857,Positive
growth_vol_b,Caracanthus_maculatus,0.3208772329272039,0.3208772329272039,Positive
Dascyllus_aruanus,Stomatolina_rubra,0.32000134110540795,0.32000134110540795,Positive
Strigatella_assimilis,Xanthias_lamarckii,0.31941394423095615,0.31941394423095615,Positive
Dascyllus_flavicaudus,Diala_albugo,-0.3175770863867152,0.3175770863867152,Negative
afdw_mg_cm2,Athanas_djiboutensis,0.31677214319612473,0.31677214319612473,Positive
protein_mg_cm2,Dascyllus_flavicaudus,0.3163168540130494,0.3163168540130494,Positive
Chlorodiella_barbata,Trapezia_serenei,0.3147851209315565,0.3147851209315565,Positive
Alpheus_lottini,Synalpheus_charon,0.3134386726250439,0.3134386726250439,Positive
Galathea_mauritiana,Macteola_interrupta,0.3131691294773964,0.3131691294773964,Positive
growth_vol_b,Synalpheus_charon,-0.3128178187215813,0.3128178187215813,Negative
Alpheus_diadema,Fennera_chacei,-0.30809213553863135,0.30809213553863135,Negative
Caracanthus_maculatus,Morula_zebrina,-0.3065065812639698,0.3065065812639698,Negative
Cerithium_zebrum,Dascyllus_aruanus,0.3053635651672171,0.3053635651672171,Positive
Dascyllus_flavicaudus,Fennera_chacei,0.3041518132324638,0.3041518132324638,Positive
Mitrella_moleculina,Zafra_hahajimana,0.3029008081791311,0.3029008081791311,Positive
Dascyllus_aruanus,Trapezia_serenei,-0.3025970084575548,0.3025970084575548,Negative
carb_mg_cm2,Fennera_chacei,0.30067922722316986,0.30067922722316986,Positive
Cerithium_zebrum,Diala_semistriata,0.3000965057804884,0.3000965057804884,Positive
