iter,label,metric,df,F,R2,p,n_units,n_trt_lvls
1,Bootstrap,Jaccard (incidence),2,2.56397799887656,0.24270951711081085,0.004,19,3
1,Bootstrap,Gower (sqrt→z),2,9.214882117568532,0.5352858099541877,0.001,19,3
1,Bootstrap,Gower (prop→z),2,2.3173715427609065,0.22460871290293605,0.003,19,3
2,Bootstrap,Jaccard (incidence),2,1.8689900310736447,0.19948682033760973,0.033,18,3
2,Bootstrap,Gower (sqrt→z),2,8.628688374075672,0.5349900856132188,0.001,18,3
2,Bootstrap,Gower (prop→z),2,2.1582010897298125,0.2234578747821648,0.004,18,3
3,Bootstrap,Jaccard (incidence),2,1.6270299005007411,0.18859676148871382,0.091,17,3
3,Bootstrap,Gower (sqrt→z),2,7.585508188995045,0.5200715731467216,0.001,17,3
3,Bootstrap,Gower (prop→z),2,1.9567565137135938,0.21846708802652218,0.011,17,3
4,Bootstrap,Jaccard (incidence),2,1.2733398642355007,0.13731189440671657,0.237,19,3
4,Bootstrap,Gower (sqrt→z),2,7.777103407902901,0.4929360736779651,0.001,19,3
4,Bootstrap,Gower (prop→z),2,1.3621585477313645,0.14549620590023465,0.152,19,3
5,Bootstrap,Jaccard (incidence),2,1.5965997437180535,0.17551610367606169,0.119,18,3
5,Bootstrap,Gower (sqrt→z),2,7.11012771321425,0.48665746479296235,0.001,18,3
5,Bootstrap,Gower (prop→z),2,1.4074450374780585,0.158007715069387,0.122,18,3
6,Bootstrap,Jaccard (incidence),2,2.388233073684218,0.22989791013971,0.008,19,3
6,Bootstrap,Gower (sqrt→z),2,9.256498960635692,0.5364065435144733,0.001,19,3
6,Bootstrap,Gower (prop→z),2,2.185153390309843,0.21454300260109954,0.005,19,3
7,Bootstrap,Jaccard (incidence),2,2.08565086139718,0.20679387875501484,0.027,19,3
7,Bootstrap,Gower (sqrt→z),2,8.05691076584162,0.5017721580032285,0.001,19,3
7,Bootstrap,Gower (prop→z),2,1.558913426333437,0.16308479393053754,0.086,19,3
8,Bootstrap,Jaccard (incidence),2,1.7094903754396287,0.18562268982859148,0.065,18,3
8,Bootstrap,Gower (sqrt→z),2,7.869219173803221,0.5120116438456599,0.001,18,3
8,Bootstrap,Gower (prop→z),2,1.7873889758682295,0.19245333435613274,0.039,18,3
9,Bootstrap,Jaccard (incidence),2,2.038917295449918,0.213747245342245,0.042,18,3
9,Bootstrap,Gower (sqrt→z),2,7.264689113857431,0.4920312956023668,0.001,18,3
9,Bootstrap,Gower (prop→z),2,1.5824043010924635,0.1742274675993147,0.08,18,3
10,Bootstrap,Jaccard (incidence),2,1.858977753579779,0.20984111319487106,0.061,17,3
10,Bootstrap,Gower (sqrt→z),2,6.9285805769831885,0.49743622752433125,0.001,17,3
10,Bootstrap,Gower (prop→z),2,1.6363663477000503,0.1894739386704955,0.056,17,3
11,Bootstrap,Jaccard (incidence),2,1.3241401511874622,0.15005883049231408,0.177,18,3
11,Bootstrap,Gower (sqrt→z),2,7.619448571591476,0.5039501629648024,0.001,18,3
11,Bootstrap,Gower (prop→z),2,1.2583255535929307,0.14367193202549172,0.205,18,3
12,Bootstrap,Jaccard (incidence),2,1.8769722097318295,0.19003518182246576,0.047,19,3
12,Bootstrap,Gower (sqrt→z),2,7.8436015528633405,0.49506430256356726,0.001,19,3
12,Bootstrap,Gower (prop→z),2,1.5696648627025545,0.16402506098413855,0.094,19,3
13,Bootstrap,Jaccard (incidence),2,2.082941043970301,0.21735926730770325,0.019,18,3
13,Bootstrap,Gower (sqrt→z),2,9.213417199298002,0.5512587335930911,0.001,18,3
13,Bootstrap,Gower (prop→z),2,1.5635709330536036,0.17251157900154723,0.079,18,3
14,Bootstrap,Jaccard (incidence),2,1.8460743663445933,0.17020668529371039,0.041,21,3
14,Bootstrap,Gower (sqrt→z),2,9.231595512464677,0.5063514877868571,0.001,21,3
14,Bootstrap,Gower (prop→z),2,1.591939100991123,0.15029722941308826,0.086,21,3
15,Bootstrap,Jaccard (incidence),2,1.62934901251556,0.1888148237083048,0.087,17,3
15,Bootstrap,Gower (sqrt→z),2,6.667331950780373,0.48782981014810883,0.001,17,3
15,Bootstrap,Gower (prop→z),2,1.4892306864559113,0.17542587090157585,0.105,17,3
16,Bootstrap,Jaccard (incidence),2,1.2475248604392757,0.1721311598734775,0.25,15,3
16,Bootstrap,Gower (sqrt→z),2,6.47959472830718,0.5192151563711972,0.001,15,3
16,Bootstrap,Gower (prop→z),2,1.3628309820136253,0.1850960568486269,0.133,15,3
17,Bootstrap,Jaccard (incidence),2,1.4352979519018558,0.16063235491731487,0.156,18,3
17,Bootstrap,Gower (sqrt→z),2,7.168403213163179,0.4886969023820108,0.001,18,3
17,Bootstrap,Gower (prop→z),2,1.611534679608446,0.17686753508331038,0.064,18,3
18,Bootstrap,Jaccard (incidence),2,1.8211043120428823,0.1854276519403016,0.058,19,3
18,Bootstrap,Gower (sqrt→z),2,7.814371266174731,0.4941310112586547,0.001,19,3
18,Bootstrap,Gower (prop→z),2,1.442279473533755,0.1527469587800693,0.105,19,3
19,Bootstrap,Jaccard (incidence),2,1.6351111855242217,0.16970340601578224,0.092,19,3
19,Bootstrap,Gower (sqrt→z),2,7.731923978566311,0.4914798716991348,0.001,19,3
19,Bootstrap,Gower (prop→z),2,1.613507654095752,0.16783755858438737,0.057,19,3
20,Bootstrap,Jaccard (incidence),2,1.3274149071547767,0.15037413796862356,0.189,18,3
20,Bootstrap,Gower (sqrt→z),2,6.735283317657803,0.47314009615131347,0.001,18,3
20,Bootstrap,Gower (prop→z),2,1.2878610219384625,0.14654999876800293,0.175,18,3
21,Bootstrap,Jaccard (incidence),2,2.281254717416136,0.25978687452166177,0.023,16,3
21,Bootstrap,Gower (sqrt→z),2,8.859192245248268,0.5768006613752146,0.001,16,3
21,Bootstrap,Gower (prop→z),2,2.370887162310162,0.267266071468407,0.004,16,3
22,Bootstrap,Jaccard (incidence),2,1.5393462811562322,0.18026511989016147,0.136,17,3
22,Bootstrap,Gower (sqrt→z),2,6.984943765221791,0.49946169841541843,0.001,17,3
22,Bootstrap,Gower (prop→z),2,1.5085252582143622,0.17729573720874736,0.091,17,3
23,Bootstrap,Jaccard (incidence),2,1.5477060510716218,0.1710606028020008,0.113,18,3
23,Bootstrap,Gower (sqrt→z),2,7.560679869500913,0.5020145129578046,0.001,18,3
23,Bootstrap,Gower (prop→z),2,1.3048287572065003,0.14819467739659734,0.194,18,3
24,Bootstrap,Jaccard (incidence),2,1.6623612618476833,0.18143371717613888,0.094,18,3
24,Bootstrap,Gower (sqrt→z),2,7.597904452667046,0.5032423192560922,0.001,18,3
24,Bootstrap,Gower (prop→z),2,1.2694507089500893,0.14475829229013049,0.224,18,3
25,Bootstrap,Jaccard (incidence),2,2.5182869885009715,0.23941987808985132,0.002,19,3
25,Bootstrap,Gower (sqrt→z),2,9.687147435354259,0.5476941644072542,0.001,19,3
25,Bootstrap,Gower (prop→z),2,2.4779547433662206,0.2364922166642357,0.002,19,3
26,Bootstrap,Jaccard (incidence),2,1.7880392188584595,0.18267593527960865,0.044,19,3
26,Bootstrap,Gower (sqrt→z),2,8.26071507398402,0.5080167161406434,0.001,19,3
26,Bootstrap,Gower (prop→z),2,1.343509812381205,0.14379069957211402,0.161,19,3
27,Bootstrap,Jaccard (incidence),2,1.8322802804241864,0.18635354446437097,0.063,19,3
27,Bootstrap,Gower (sqrt→z),2,7.648622366808367,0.48877288923730045,0.001,19,3
27,Bootstrap,Gower (prop→z),2,1.3583043261931487,0.14514427815639241,0.177,19,3
28,Bootstrap,Jaccard (incidence),2,1.923380150870352,0.22833828183233754,0.032,16,3
28,Bootstrap,Gower (sqrt→z),2,6.7065562311379585,0.5078202154870225,0.001,16,3
28,Bootstrap,Gower (prop→z),2,1.488309364111738,0.18631093217272152,0.106,16,3
29,Bootstrap,Jaccard (incidence),2,2.9780437199492225,0.3142044717182605,0.006,16,3
29,Bootstrap,Gower (sqrt→z),2,7.947210812542856,0.5500861665037242,0.001,16,3
29,Bootstrap,Gower (prop→z),2,2.393824954475127,0.26915584315279556,0.004,16,3
30,Bootstrap,Jaccard (incidence),2,1.3971530919639497,0.15703372500422416,0.175,18,3
30,Bootstrap,Gower (sqrt→z),2,7.786328597459265,0.509365512314934,0.001,18,3
30,Bootstrap,Gower (prop→z),2,1.3670750095860662,0.15417429176003827,0.161,18,3
31,Bootstrap,Jaccard (incidence),2,1.3119618248216811,0.15784021299325768,0.216,17,3
31,Bootstrap,Gower (sqrt→z),2,7.515802727611269,0.5177669377743106,0.001,17,3
31,Bootstrap,Gower (prop→z),2,1.447665465880122,0.1713687020073417,0.117,17,3
32,Bootstrap,Jaccard (incidence),2,1.597349887925703,0.18579561245600282,0.11,17,3
32,Bootstrap,Gower (sqrt→z),2,7.5020898271271665,0.5173109473569794,0.001,17,3
32,Bootstrap,Gower (prop→z),2,1.2268095436064292,0.14912336758298478,0.24,17,3
33,Bootstrap,Jaccard (incidence),2,1.7048117530626392,0.19584705579219797,0.06,17,3
33,Bootstrap,Gower (sqrt→z),2,8.051261067892483,0.5349226906353731,0.001,17,3
33,Bootstrap,Gower (prop→z),2,1.9366920908122625,0.21671241116199572,0.011,17,3
34,Bootstrap,Jaccard (incidence),2,2.6947510747265278,0.26432730480364514,0.005,18,3
34,Bootstrap,Gower (sqrt→z),2,8.888377331540813,0.5423585966887874,0.001,18,3
34,Bootstrap,Gower (prop→z),2,2.4128757363376696,0.2434082500896063,0.008,18,3
35,Bootstrap,Jaccard (incidence),2,1.9037950503070173,0.20244965358372652,0.047,18,3
35,Bootstrap,Gower (sqrt→z),2,7.777546970547692,0.5090834926275386,0.001,18,3
35,Bootstrap,Gower (prop→z),2,1.7874318264383582,0.19245706023382156,0.041,18,3
36,Bootstrap,Jaccard (incidence),2,1.6157646652463982,0.16803288365470773,0.094,19,3
36,Bootstrap,Gower (sqrt→z),2,8.294306926690654,0.5090309740701083,0.001,19,3
36,Bootstrap,Gower (prop→z),2,1.4585924552452978,0.15420819346502554,0.135,19,3
37,Bootstrap,Jaccard (incidence),2,1.4222149818982839,0.1594015594539837,0.182,18,3
37,Bootstrap,Gower (sqrt→z),2,7.524281865552647,0.5008080873937915,0.001,18,3
37,Bootstrap,Gower (prop→z),2,1.2698685318139102,0.14479903857250387,0.187,18,3
38,Bootstrap,Jaccard (incidence),2,2.146162282879243,0.24822137413832507,0.031,16,3
38,Bootstrap,Gower (sqrt→z),2,7.370769182291934,0.5313886407757257,0.001,16,3
38,Bootstrap,Gower (prop→z),2,2.282413565029877,0.2598845463299601,0.006,16,3
39,Bootstrap,Jaccard (incidence),2,1.5160952229195053,0.159319047088557,0.097,19,3
39,Bootstrap,Gower (sqrt→z),2,7.752441628852284,0.49214222223511417,0.001,19,3
39,Bootstrap,Gower (prop→z),2,1.4212630032855158,0.15085695015518336,0.129,19,3
40,Bootstrap,Jaccard (incidence),2,1.875118175917635,0.2000100842178556,0.041,18,3
40,Bootstrap,Gower (sqrt→z),2,8.187570298205735,0.5219144929755112,0.001,18,3
40,Bootstrap,Gower (prop→z),2,1.3032523164299001,0.14804214051636147,0.204,18,3
41,Bootstrap,Jaccard (incidence),2,1.904098629400604,0.20247539976321652,0.031,18,3
41,Bootstrap,Gower (sqrt→z),2,8.520163973596555,0.5318399978701193,0.001,18,3
41,Bootstrap,Gower (prop→z),2,2.0598019886352956,0.21546492187641447,0.006,18,3
42,Bootstrap,Jaccard (incidence),2,2.3078895143824343,0.24794981835746024,0.011,17,3
42,Bootstrap,Gower (sqrt→z),2,7.794003281011572,0.5268353083992718,0.001,17,3
42,Bootstrap,Gower (prop→z),2,2.141872637353795,0.23429254839999403,0.011,17,3
43,Bootstrap,Jaccard (incidence),2,1.8179339548141003,0.19510054091710602,0.069,18,3
43,Bootstrap,Gower (sqrt→z),2,6.99282720745875,0.48250262749699263,0.001,18,3
43,Bootstrap,Gower (prop→z),2,1.7255532577668493,0.18704062613417066,0.046,18,3
44,Bootstrap,Jaccard (incidence),2,1.698845184510251,0.17515953210836152,0.068,19,3
44,Bootstrap,Gower (sqrt→z),2,7.721467379255616,0.49114164683151934,0.001,19,3
44,Bootstrap,Gower (prop→z),2,1.4626097091454238,0.1545672657017483,0.115,19,3
45,Bootstrap,Jaccard (incidence),2,0.9645015459790605,0.12110005132285982,0.488,17,3
45,Bootstrap,Gower (sqrt→z),2,4.6337447494395985,0.39830208150843316,0.001,17,3
45,Bootstrap,Gower (prop→z),2,0.9564190628528888,0.12020722580064186,0.52,17,3
46,Bootstrap,Jaccard (incidence),2,1.988947142039041,0.19911479295635132,0.019,19,3
46,Bootstrap,Gower (sqrt→z),2,8.581338335397326,0.5175298978779145,0.001,19,3
46,Bootstrap,Gower (prop→z),2,2.134924220522134,0.2106502401072858,0.006,19,3
47,Bootstrap,Jaccard (incidence),2,1.6530186953977783,0.20274928307608023,0.128,16,3
47,Bootstrap,Gower (sqrt→z),2,6.534703575523985,0.5013311992606088,0.001,16,3
47,Bootstrap,Gower (prop→z),2,1.1770862362594117,0.15332460780497056,0.254,16,3
48,Bootstrap,Jaccard (incidence),2,1.784699922689453,0.22925738184046485,0.048,15,3
48,Bootstrap,Gower (sqrt→z),2,7.66966740384075,0.5610719834840907,0.001,15,3
48,Bootstrap,Gower (prop→z),2,2.091154989754902,0.2584495034890251,0.009,15,3
49,Bootstrap,Jaccard (incidence),2,2.08197942779675,0.20650502638961768,0.028,19,3
49,Bootstrap,Gower (sqrt→z),2,8.070224354637563,0.5021849214139099,0.001,19,3
49,Bootstrap,Gower (prop→z),2,1.7842852790166126,0.18236235229600187,0.041,19,3
50,Bootstrap,Jaccard (incidence),2,1.3466436317944965,0.15222085209295774,0.186,18,3
50,Bootstrap,Gower (sqrt→z),2,8.151513091458211,0.5208131024665523,0.001,18,3
50,Bootstrap,Gower (prop→z),2,1.5120304922939727,0.16777911410606997,0.102,18,3
51,Bootstrap,Jaccard (incidence),2,2.48809619316325,0.21658037601077504,0.005,21,3
51,Bootstrap,Gower (sqrt→z),2,11.093581262800695,0.5520957721627391,0.001,21,3
51,Bootstrap,Gower (prop→z),2,2.4768952480791344,0.21581579290737943,0.003,21,3
52,Bootstrap,Jaccard (incidence),2,2.293160875971275,0.21246425419976087,0.019,20,3
52,Bootstrap,Gower (sqrt→z),2,8.552815607995974,0.5015485890778999,0.001,20,3
52,Bootstrap,Gower (prop→z),2,1.8276151197380028,0.17696390682153604,0.038,20,3
53,Bootstrap,Jaccard (incidence),2,1.7254005192981459,0.197744563757508,0.092,17,3
53,Bootstrap,Gower (sqrt→z),2,6.509103406069396,0.48183089657489586,0.001,17,3
53,Bootstrap,Gower (prop→z),2,1.399690722606479,0.1666359832558389,0.148,17,3
54,Bootstrap,Jaccard (incidence),2,2.4246600023351936,0.2716809381758819,0.015,16,3
54,Bootstrap,Gower (sqrt→z),2,7.892921090667801,0.548389103292276,0.001,16,3
54,Bootstrap,Gower (prop→z),2,2.0722345125558226,0.24173796336539835,0.018,16,3
55,Bootstrap,Jaccard (incidence),2,1.330121986086233,0.15063461050505622,0.186,18,3
55,Bootstrap,Gower (sqrt→z),2,6.755356134743886,0.4738819620422798,0.001,18,3
55,Bootstrap,Gower (prop→z),2,1.4547024285018229,0.16245123052572538,0.107,18,3
56,Bootstrap,Jaccard (incidence),2,1.760493103331258,0.20095822033828376,0.067,17,3
56,Bootstrap,Gower (sqrt→z),2,8.072114342762728,0.5355661560940034,0.001,17,3
56,Bootstrap,Gower (prop→z),2,1.6889637652253087,0.194380343946746,0.071,17,3
57,Bootstrap,Jaccard (incidence),2,2.2286735115359755,0.2178849006200521,0.007,19,3
57,Bootstrap,Gower (sqrt→z),2,9.084861125093223,0.5317491935447998,0.001,19,3
57,Bootstrap,Gower (prop→z),2,2.4380130577557764,0.23357060814790376,0.002,19,3
58,Bootstrap,Jaccard (incidence),2,2.0937177409563663,0.21823841366711405,0.025,18,3
58,Bootstrap,Gower (sqrt→z),2,9.266206372778331,0.5526716161518191,0.001,18,3
58,Bootstrap,Gower (prop→z),2,2.2275421209142428,0.2289933153951625,0.004,18,3
59,Bootstrap,Jaccard (incidence),2,1.60125925027258,0.16677596224965183,0.076,19,3
59,Bootstrap,Gower (sqrt→z),2,8.538010738481029,0.5162658843009812,0.001,19,3
59,Bootstrap,Gower (prop→z),2,1.5020612794962322,0.15807741450135823,0.098,19,3
60,Bootstrap,Jaccard (incidence),2,1.5151923917400267,0.1680709990314005,0.127,18,3
60,Bootstrap,Gower (sqrt→z),2,7.540745029016778,0.5013544883893108,0.001,18,3
60,Bootstrap,Gower (prop→z),2,1.5222372997350384,0.16872060101763695,0.079,18,3
61,Bootstrap,Jaccard (incidence),2,2.818774495049358,0.2605447129283656,0.002,19,3
61,Bootstrap,Gower (sqrt→z),2,9.80803563123096,0.5507646005621222,0.001,19,3
61,Bootstrap,Gower (prop→z),2,2.4454720173918485,0.2341179042287515,0.002,19,3
62,Bootstrap,Jaccard (incidence),2,1.3414562963660692,0.16081799732625476,0.193,17,3
62,Bootstrap,Gower (sqrt→z),2,6.857115821951657,0.49484437526956365,0.001,17,3
62,Bootstrap,Gower (prop→z),2,1.292212795103294,0.15583449521053894,0.193,17,3
63,Bootstrap,Jaccard (incidence),2,1.7621193104973918,0.18050581584293396,0.068,19,3
63,Bootstrap,Gower (sqrt→z),2,8.10952378783958,0.5033993490211752,0.001,19,3
63,Bootstrap,Gower (prop→z),2,1.5590587304153205,0.16309751560105573,0.103,19,3
64,Bootstrap,Jaccard (incidence),2,2.375208350624173,0.25334992693426794,0.01,17,3
64,Bootstrap,Gower (sqrt→z),2,9.243339870201556,0.5690541442870677,0.001,17,3
64,Bootstrap,Gower (prop→z),2,2.5232641372299702,0.26495790738026415,0.004,17,3
65,Bootstrap,Jaccard (incidence),2,2.181664575530034,0.21427386056041448,0.02,19,3
65,Bootstrap,Gower (sqrt→z),2,8.316856982398523,0.5097094980589806,0.001,19,3
65,Bootstrap,Gower (prop→z),2,1.774560691742908,0.18154889490245574,0.061,19,3
66,Bootstrap,Jaccard (incidence),2,2.80989103918639,0.3018178222880632,0.009,16,3
66,Bootstrap,Gower (sqrt→z),2,7.926965081688854,0.5494547908589591,0.001,16,3
66,Bootstrap,Gower (prop→z),2,2.608306738357131,0.2863657113536772,0.002,16,3
67,Bootstrap,Jaccard (incidence),2,1.1365114896584418,0.1592530876332739,0.326,15,3
67,Bootstrap,Gower (sqrt→z),2,3.9379344351284584,0.3962528089548175,0.002,15,3
67,Bootstrap,Gower (prop→z),2,0.9938372764271816,0.14210185870021927,0.47,15,3
68,Bootstrap,Jaccard (incidence),2,1.9448531713425043,0.18620205946777582,0.032,20,3
68,Bootstrap,Gower (sqrt→z),2,8.195137195214013,0.49086971250307004,0.001,20,3
68,Bootstrap,Gower (prop→z),2,1.4688105668962206,0.14734060367981625,0.1,20,3
69,Bootstrap,Jaccard (incidence),2,2.0554831075019178,0.21511032821440265,0.019,18,3
69,Bootstrap,Gower (sqrt→z),2,8.988562151297025,0.5451392346293801,0.001,18,3
69,Bootstrap,Gower (prop→z),2,2.1358365500020313,0.22165553960144552,0.011,18,3
70,Bootstrap,Jaccard (incidence),2,2.028685185021673,0.21290294994849893,0.033,18,3
70,Bootstrap,Gower (sqrt→z),2,8.79508293746538,0.53973845798869,0.001,18,3
70,Bootstrap,Gower (prop→z),2,2.4533667127395424,0.24648611706423132,0.003,18,3
71,Bootstrap,Jaccard (incidence),2,2.250937024037204,0.2728098660163831,0.02,15,3
71,Bootstrap,Gower (sqrt→z),2,8.254365233508505,0.5790763108906823,0.001,15,3
71,Bootstrap,Gower (prop→z),2,2.1296198364622865,0.2619581086572702,0.014,15,3
72,Bootstrap,Jaccard (incidence),2,1.889119836138897,0.21252045995134883,0.048,17,3
72,Bootstrap,Gower (sqrt→z),2,7.6369800630870746,0.5217592720746225,0.001,17,3
72,Bootstrap,Gower (prop→z),2,1.467857225615895,0.17334458842498177,0.115,17,3
73,Bootstrap,Jaccard (incidence),2,1.663711096146754,0.20379348026316366,0.11,16,3
73,Bootstrap,Gower (sqrt→z),2,6.677279842340061,0.5067267237419685,0.001,16,3
73,Bootstrap,Gower (prop→z),2,1.5313101119337542,0.19066753625393884,0.085,16,3
74,Bootstrap,Jaccard (incidence),2,1.4234158140407085,0.16898320651202625,0.165,17,3
74,Bootstrap,Gower (sqrt→z),2,6.250732890570084,0.4717273332872355,0.001,17,3
74,Bootstrap,Gower (prop→z),2,1.2043107390300034,0.14678999581290714,0.257,17,3
75,Bootstrap,Jaccard (incidence),2,2.4125884290919704,0.2706944731361021,0.012,16,3
75,Bootstrap,Gower (sqrt→z),2,7.186297977491568,0.5250724475902926,0.001,16,3
75,Bootstrap,Gower (prop→z),2,2.4297181098673577,0.27209348380017884,0.001,16,3
76,Bootstrap,Jaccard (incidence),2,2.2930983329604637,0.2341545295468567,0.02,18,3
76,Bootstrap,Gower (sqrt→z),2,9.220915820966562,0.5514599750214844,0.001,18,3
76,Bootstrap,Gower (prop→z),2,2.609704007800958,0.2581385177832338,0.001,18,3
77,Bootstrap,Jaccard (incidence),2,2.1759085959303115,0.26613660982137266,0.023,15,3
77,Bootstrap,Gower (sqrt→z),2,7.6450022008599365,0.5602785612140195,0.001,15,3
77,Bootstrap,Gower (prop→z),2,2.090702459177006,0.25840802695760906,0.018,15,3
78,Bootstrap,Jaccard (incidence),2,2.3430482027491677,0.26495933857069226,0.012,16,3
78,Bootstrap,Gower (sqrt→z),2,8.814791179133294,0.5755737101491545,0.001,16,3
78,Bootstrap,Gower (prop→z),2,2.380961394928243,0.2680972576108671,0.006,16,3
79,Bootstrap,Jaccard (incidence),2,1.6351111855242217,0.16970340601578224,0.085,19,3
79,Bootstrap,Gower (sqrt→z),2,7.731923978566311,0.4914798716991348,0.001,19,3
79,Bootstrap,Gower (prop→z),2,1.613507654095752,0.16783755858438737,0.07,19,3
80,Bootstrap,Jaccard (incidence),2,1.6794754454272114,0.21869663590463914,0.082,15,3
80,Bootstrap,Gower (sqrt→z),2,8.112096135521266,0.5748328283494666,0.001,15,3
80,Bootstrap,Gower (prop→z),2,2.4667169827688102,0.2913427941183098,0.002,15,3
81,Bootstrap,Jaccard (incidence),2,2.8541681658398206,0.27565402841883635,0.005,18,3
81,Bootstrap,Gower (sqrt→z),2,9.125971448129889,0.5488985396493262,0.001,18,3
81,Bootstrap,Gower (prop→z),2,2.5641945170955736,0.25478387890256865,0.001,18,3
82,Bootstrap,Jaccard (incidence),2,1.800187784031729,0.18368911123977918,0.057,19,3
82,Bootstrap,Gower (sqrt→z),2,7.940394973485349,0.4981303779920827,0.001,19,3
82,Bootstrap,Gower (prop→z),2,1.4778502291074609,0.15592673374061444,0.114,19,3
83,Bootstrap,Jaccard (incidence),2,1.4489850097764954,0.17149811582099453,0.166,17,3
83,Bootstrap,Gower (sqrt→z),2,7.057954859772659,0.5020612834637314,0.001,17,3
83,Bootstrap,Gower (prop→z),2,1.3142939160468396,0.15807643190364157,0.2,17,3
84,Bootstrap,Jaccard (incidence),2,2.5828803155568725,0.2561649285444505,0.004,18,3
84,Bootstrap,Gower (sqrt→z),2,8.973945603009732,0.5447356583094596,0.001,18,3
84,Bootstrap,Gower (prop→z),2,1.704849616565687,0.1852121096576658,0.065,18,3
85,Bootstrap,Jaccard (incidence),2,2.5528368621522874,0.2672333777902623,0.009,17,3
85,Bootstrap,Gower (sqrt→z),2,8.358530985219923,0.5442272436904051,0.001,17,3
85,Bootstrap,Gower (prop→z),2,2.793197419658573,0.2852181264161581,0.003,17,3
86,Bootstrap,Jaccard (incidence),2,1.7671788914805595,0.22751875760437199,0.095,15,3
86,Bootstrap,Gower (sqrt→z),2,7.067501657768616,0.5408456675853561,0.001,15,3
86,Bootstrap,Gower (prop→z),2,1.6509570965885743,0.21578438824662952,0.061,15,3
87,Bootstrap,Jaccard (incidence),2,2.8742013133152953,0.2910819034486823,0.005,17,3
87,Bootstrap,Gower (sqrt→z),2,8.655701017848243,0.5528785333841219,0.001,17,3
87,Bootstrap,Gower (prop→z),2,2.8160805421772066,0.2868844168583604,0.001,17,3
88,Bootstrap,Jaccard (incidence),2,2.313504350013265,0.2624954000289094,0.018,16,3
88,Bootstrap,Gower (sqrt→z),2,7.49673870032577,0.5356061051672905,0.001,16,3
88,Bootstrap,Gower (prop→z),2,2.225078740991927,0.255021049900458,0.007,16,3
89,Bootstrap,Jaccard (incidence),2,1.5918980672181073,0.1750897398374801,0.129,18,3
89,Bootstrap,Gower (sqrt→z),2,8.307710204159772,0.5255479823999818,0.001,18,3
89,Bootstrap,Gower (prop→z),2,1.480151618861513,0.1648247915717445,0.086,18,3
90,Bootstrap,Jaccard (incidence),2,1.6208159089684264,0.18801189192339154,0.124,17,3
90,Bootstrap,Gower (sqrt→z),2,6.858419114073816,0.4948918817954349,0.001,17,3
90,Bootstrap,Gower (prop→z),2,1.5185950826038381,0.17826825525549653,0.075,17,3
91,Bootstrap,Jaccard (incidence),2,1.4198782743397764,0.15918135098596645,0.164,18,3
91,Bootstrap,Gower (sqrt→z),2,7.236950188895428,0.49107516115163413,0.001,18,3
91,Bootstrap,Gower (prop→z),2,1.3312324803837419,0.15074141501095398,0.171,18,3
92,Bootstrap,Jaccard (incidence),2,2.452753307576723,0.2739663680335027,0.013,16,3
92,Bootstrap,Gower (sqrt→z),2,8.22831423343827,0.5586731857443132,0.001,16,3
92,Bootstrap,Gower (prop→z),2,2.5872009892648262,0.2847082387988577,0.004,16,3
93,Bootstrap,Jaccard (incidence),2,2.1091074886746464,0.26009119889214327,0.029,15,3
93,Bootstrap,Gower (sqrt→z),2,8.354522439835009,0.5820132627087965,0.001,15,3
93,Bootstrap,Gower (prop→z),2,2.299253471648525,0.27704340872382255,0.006,15,3
94,Bootstrap,Jaccard (incidence),2,1.927740271570701,0.18486654072372008,0.039,20,3
94,Bootstrap,Gower (sqrt→z),2,8.67202389098987,0.5050088414761678,0.001,20,3
94,Bootstrap,Gower (prop→z),2,1.5919922095956707,0.15774806168419075,0.076,20,3
95,Bootstrap,Jaccard (incidence),2,1.5138424125434513,0.16794640323829305,0.122,18,3
95,Bootstrap,Gower (sqrt→z),2,7.493495529899982,0.49978309027114315,0.001,18,3
95,Bootstrap,Gower (prop→z),2,1.4531013590575932,0.16230145295825704,0.092,18,3
96,Bootstrap,Jaccard (incidence),2,1.6208626962197796,0.16847373748059494,0.068,19,3
96,Bootstrap,Gower (sqrt→z),2,6.4904720590585505,0.44791308610274766,0.001,19,3
96,Bootstrap,Gower (prop→z),2,1.675295636338101,0.1731518807597042,0.047,19,3
97,Bootstrap,Jaccard (incidence),2,1.3431548245921592,0.16098884089182855,0.187,17,3
97,Bootstrap,Gower (sqrt→z),2,5.86657263004096,0.45595457304174747,0.001,17,3
97,Bootstrap,Gower (prop→z),2,1.3796108161730793,0.16463900847404028,0.134,17,3
98,Bootstrap,Jaccard (incidence),2,1.9867367458547105,0.2094225653223515,0.029,18,3
98,Bootstrap,Gower (sqrt→z),2,7.466429813523157,0.49887848381694505,0.001,18,3
98,Bootstrap,Gower (prop→z),2,1.4019917702812774,0.15749191938839305,0.128,18,3
99,Bootstrap,Jaccard (incidence),2,1.890659077506641,0.19115602536603268,0.026,19,3
99,Bootstrap,Gower (sqrt→z),2,9.152639481428137,0.5335994784556669,0.001,19,3
99,Bootstrap,Gower (prop→z),2,1.499300177254819,0.15783269812283146,0.105,19,3
100,Bootstrap,Jaccard (incidence),2,1.7325139595790904,0.16142666723790003,0.062,21,3
100,Bootstrap,Gower (sqrt→z),2,8.771587741824128,0.4935736676572144,0.001,21,3
100,Bootstrap,Gower (prop→z),2,1.585401384999523,0.14977243916760505,0.087,21,3
101,Bootstrap,Jaccard (incidence),2,1.7121119410036505,0.16765503070223722,0.069,20,3
101,Bootstrap,Gower (sqrt→z),2,8.108216102317575,0.48820511801903416,0.001,20,3
101,Bootstrap,Gower (prop→z),2,1.532136078439451,0.15272281660256173,0.086,20,3
102,Bootstrap,Jaccard (incidence),2,1.6224577337260406,0.1997496062046931,0.072,16,3
102,Bootstrap,Gower (sqrt→z),2,7.926299427992099,0.5494340019459382,0.001,16,3
102,Bootstrap,Gower (prop→z),2,1.3079740305190013,0.1675177229594422,0.191,16,3
103,Bootstrap,Jaccard (incidence),2,1.50541167450214,0.1769945691182853,0.12,17,3
103,Bootstrap,Gower (sqrt→z),2,6.7397532606865385,0.49052942456914034,0.001,17,3
103,Bootstrap,Gower (prop→z),2,1.6068043260423976,0.18669000306891406,0.052,17,3
104,Bootstrap,Jaccard (incidence),2,1.1226785816024252,0.15762027848655924,0.336,15,3
104,Bootstrap,Gower (sqrt→z),2,6.0664244637962454,0.5027524501560319,0.001,15,3
104,Bootstrap,Gower (prop→z),2,1.2361319047789938,0.17082771859957518,0.236,15,3
105,Bootstrap,Jaccard (incidence),2,1.6723756670885648,0.17290226565320724,0.091,19,3
105,Bootstrap,Gower (sqrt→z),2,7.896833828938818,0.49675513463337034,0.001,19,3
105,Bootstrap,Gower (prop→z),2,1.3895754350177876,0.14799129573371975,0.127,19,3
106,Bootstrap,Jaccard (incidence),2,1.5605116597030595,0.1551125541609997,0.107,20,3
106,Bootstrap,Gower (sqrt→z),2,7.961968263218305,0.48365834120869233,0.001,20,3
106,Bootstrap,Gower (prop→z),2,1.4648247335348865,0.14699954818124128,0.091,20,3
107,Bootstrap,Jaccard (incidence),2,2.2041055610435616,0.22713124328446974,0.02,18,3
107,Bootstrap,Gower (sqrt→z),2,8.026390009265311,0.5169514616388997,0.001,18,3
107,Bootstrap,Gower (prop→z),2,2.1367161130588594,0.22172658071387646,0.005,18,3
108,Bootstrap,Jaccard (incidence),2,1.5794387495636526,0.19548867174083762,0.118,16,3
108,Bootstrap,Gower (sqrt→z),2,6.394523447490769,0.4959100251770159,0.001,16,3
108,Bootstrap,Gower (prop→z),2,1.6059579512766724,0.19812068615822728,0.066,16,3
109,Bootstrap,Jaccard (incidence),2,1.662776980265323,0.18147085581659267,0.093,18,3
109,Bootstrap,Gower (sqrt→z),2,7.6711165893027164,0.5056395515878959,0.001,18,3
109,Bootstrap,Gower (prop→z),2,1.335841057461596,0.15118436929481877,0.167,18,3
110,Bootstrap,Jaccard (incidence),2,1.3121218491502236,0.1578564261885028,0.195,17,3
110,Bootstrap,Gower (sqrt→z),2,6.73852798322359,0.4904839871820438,0.001,17,3
110,Bootstrap,Gower (prop→z),2,1.3470332695825977,0.16137868702300712,0.138,17,3
111,Bootstrap,Jaccard (incidence),2,1.8009315974611866,0.19362916269084002,0.046,18,3
111,Bootstrap,Gower (sqrt→z),2,7.6708349390098665,0.5056303736642268,0.001,18,3
111,Bootstrap,Gower (prop→z),2,1.7312142899080112,0.18753917258758196,0.044,18,3
112,Bootstrap,Jaccard (incidence),2,1.5503554605813064,0.1813205857614607,0.108,17,3
112,Bootstrap,Gower (sqrt→z),2,6.9994326934601085,0.49997973823110153,0.001,17,3
112,Bootstrap,Gower (prop→z),2,1.6455223320629553,0.19033232103979864,0.052,17,3
113,Bootstrap,Jaccard (incidence),2,1.5943026681501515,0.1855069258915583,0.107,17,3
113,Bootstrap,Gower (sqrt→z),2,7.653686829249712,0.5223045175206319,0.001,17,3
113,Bootstrap,Gower (prop→z),2,1.292767059773772,0.15589091680202566,0.182,17,3
114,Bootstrap,Jaccard (incidence),2,2.0696200965054476,0.25647057380082827,0.036,15,3
114,Bootstrap,Gower (sqrt→z),2,7.454216570799961,0.5540431530571645,0.001,15,3
114,Bootstrap,Gower (prop→z),2,1.7810416968233174,0.2288950202580773,0.041,15,3
115,Bootstrap,Jaccard (incidence),2,2.280328308142576,0.24571634024432215,0.011,17,3
115,Bootstrap,Gower (sqrt→z),2,10.123490453008708,0.5912048411385626,0.001,17,3
115,Bootstrap,Gower (prop→z),2,2.302630554044494,0.24752466957245567,0.006,17,3
116,Bootstrap,Jaccard (incidence),2,2.098993594652706,0.23068414905646728,0.041,17,3
116,Bootstrap,Gower (sqrt→z),2,7.465078750703803,0.5160759149230755,0.001,17,3
116,Bootstrap,Gower (prop→z),2,1.427371973043693,0.16937332036717634,0.131,17,3
117,Bootstrap,Jaccard (incidence),2,2.1445069133379686,0.24807741318699386,0.024,16,3
117,Bootstrap,Gower (sqrt→z),2,7.650038259857598,0.5406372844630448,0.001,16,3
117,Bootstrap,Gower (prop→z),2,1.7275650734682062,0.20997282404233567,0.04,16,3
118,Bootstrap,Jaccard (incidence),2,2.3937692031474316,0.24194714410620372,0.011,18,3
118,Bootstrap,Gower (sqrt→z),2,8.717334507345079,0.5375318923955638,0.001,18,3
118,Bootstrap,Gower (prop→z),2,2.2591299176086888,0.23148886598307022,0.01,18,3
119,Bootstrap,Jaccard (incidence),2,2.9425151046920512,0.2817822215425778,0.001,18,3
119,Bootstrap,Gower (sqrt→z),2,9.561541297710448,0.5604148611704584,0.001,18,3
119,Bootstrap,Gower (prop→z),2,2.48518086712435,0.2488869155396743,0.002,18,3
120,Bootstrap,Jaccard (incidence),2,2.0010981830069112,0.2000878449935649,0.017,19,3
120,Bootstrap,Gower (sqrt→z),2,8.81291832960475,0.5241754082684543,0.001,19,3
120,Bootstrap,Gower (prop→z),2,2.227322469650981,0.21778158225287586,0.004,19,3
121,Bootstrap,Jaccard (incidence),2,1.5058191160805068,0.16720512556062375,0.143,18,3
121,Bootstrap,Gower (sqrt→z),2,7.685973035831351,0.5061231847110668,0.001,18,3
121,Bootstrap,Gower (prop→z),2,1.5672268819670154,0.17284522626029467,0.085,18,3
122,Bootstrap,Jaccard (incidence),2,2.0172032524465693,0.2237060866848329,0.039,17,3
122,Bootstrap,Gower (sqrt→z),2,7.387558008575831,0.5134685124586404,0.001,17,3
122,Bootstrap,Gower (prop→z),2,1.5869813996545727,0.18481248832312744,0.1,17,3
123,Bootstrap,Jaccard (incidence),2,2.6245454980757734,0.2726929285752242,0.007,17,3
123,Bootstrap,Gower (sqrt→z),2,7.7299666531993925,0.5247782860065348,0.001,17,3
123,Bootstrap,Gower (prop→z),2,2.5579943407742833,0.26762877750009867,0.002,17,3
124,Bootstrap,Jaccard (incidence),2,1.8080376786514267,0.19424477436294388,0.032,18,3
124,Bootstrap,Gower (sqrt→z),2,8.969663730468337,0.5446172962156327,0.001,18,3
124,Bootstrap,Gower (prop→z),2,2.1345417717195407,0.2215509385184361,0.008,18,3
125,Bootstrap,Jaccard (incidence),2,1.8135326067746602,0.1947201650913314,0.062,18,3
125,Bootstrap,Gower (sqrt→z),2,7.036618893688337,0.4840615926681254,0.001,18,3
125,Bootstrap,Gower (prop→z),2,1.3655464170953815,0.1540284549706047,0.168,18,3
126,Bootstrap,Jaccard (incidence),2,1.7957126115096413,0.166335718273491,0.047,21,3
126,Bootstrap,Gower (sqrt→z),2,9.433742798403786,0.5117649140260693,0.001,21,3
126,Bootstrap,Gower (prop→z),2,1.6033716985519664,0.15121338232167494,0.058,21,3
127,Bootstrap,Jaccard (incidence),2,1.9634765861515817,0.21905301668162097,0.04,17,3
127,Bootstrap,Gower (sqrt→z),2,8.447358499086151,0.54684809053832,0.001,17,3
127,Bootstrap,Gower (prop→z),2,2.046693101089306,0.2262366013988984,0.008,17,3
128,Bootstrap,Jaccard (incidence),2,2.3148757643420335,0.23585380191485464,0.011,18,3
128,Bootstrap,Gower (sqrt→z),2,9.112280821125092,0.5485267748145345,0.001,18,3
128,Bootstrap,Gower (prop→z),2,2.3996735517073495,0.24239926086183813,0.003,18,3
129,Bootstrap,Jaccard (incidence),2,2.7673538546620375,0.28332687602396595,0.008,17,3
129,Bootstrap,Gower (sqrt→z),2,8.759452569107767,0.555822134728103,0.001,17,3
129,Bootstrap,Gower (prop→z),2,3.0821787738369997,0.3057056260334498,0.003,17,3
130,Bootstrap,Jaccard (incidence),2,1.8627752551358696,0.21017967865724835,0.066,17,3
130,Bootstrap,Gower (sqrt→z),2,6.823626078173298,0.49362056233186213,0.001,17,3
130,Bootstrap,Gower (prop→z),2,1.5781673229245332,0.18397488222303557,0.084,17,3
131,Bootstrap,Jaccard (incidence),2,1.4880448661485592,0.17531067396722635,0.13,17,3
131,Bootstrap,Gower (sqrt→z),2,6.669168153456132,0.48789861084340314,0.001,17,3
131,Bootstrap,Gower (prop→z),2,1.2608270698707114,0.15262721991472994,0.199,17,3
132,Bootstrap,Jaccard (incidence),2,1.3830543982250252,0.16498215716193662,0.187,17,3
132,Bootstrap,Gower (sqrt→z),2,7.082642136864391,0.502934184368999,0.001,17,3
132,Bootstrap,Gower (prop→z),2,1.468658211524422,0.17342277546705387,0.108,17,3
133,Bootstrap,Jaccard (incidence),2,2.304008756904889,0.23500680324078582,0.011,18,3
133,Bootstrap,Gower (sqrt→z),2,8.295646284491434,0.525185619827174,0.001,18,3
133,Bootstrap,Gower (prop→z),2,2.226413833522753,0.22890387676589127,0.004,18,3
134,Bootstrap,Jaccard (incidence),2,1.9905699185858154,0.20974187384548867,0.039,18,3
134,Bootstrap,Gower (sqrt→z),2,7.728074444258001,0.5074886173262699,0.001,18,3
134,Bootstrap,Gower (prop→z),2,1.7586190950996001,0.18994399456722455,0.055,18,3
135,Bootstrap,Jaccard (incidence),2,1.8819268870022372,0.21188272668132843,0.047,17,3
135,Bootstrap,Gower (sqrt→z),2,7.763448984504845,0.5258560511607462,0.001,17,3
135,Bootstrap,Gower (prop→z),2,1.4398872436696761,0.17060503323070592,0.133,17,3
136,Bootstrap,Jaccard (incidence),2,2.408778871940888,0.27038260872402875,0.016,16,3
136,Bootstrap,Gower (sqrt→z),2,8.597855571774595,0.5694752828241558,0.001,16,3
136,Bootstrap,Gower (prop→z),2,2.8944898965904855,0.308105062483592,0.002,16,3
137,Bootstrap,Jaccard (incidence),2,1.774016502340183,0.18150332587584972,0.055,19,3
137,Bootstrap,Gower (sqrt→z),2,8.236809136760657,0.5072923545127014,0.001,19,3
137,Bootstrap,Gower (prop→z),2,1.4954616153615756,0.1574922500810542,0.108,19,3
138,Bootstrap,Jaccard (incidence),2,1.253890784637929,0.14323811154216856,0.238,18,3
138,Bootstrap,Gower (sqrt→z),2,7.537013983041056,0.5012307624067782,0.001,18,3
138,Bootstrap,Gower (prop→z),2,1.3391099250104392,0.15149827713098132,0.167,18,3
139,Bootstrap,Jaccard (incidence),2,2.5807667087827255,0.28420141068998744,0.008,16,3
139,Bootstrap,Gower (sqrt→z),2,8.94506202087332,0.5791535190201542,0.001,16,3
139,Bootstrap,Gower (prop→z),2,2.8066918461952017,0.30157782083895296,0.002,16,3
140,Bootstrap,Jaccard (incidence),2,1.6370786999426594,0.15390303542188555,0.077,21,3
140,Bootstrap,Gower (sqrt→z),2,8.403060468092297,0.48284958174448217,0.001,21,3
140,Bootstrap,Gower (prop→z),2,1.45841482100085,0.13944893618794924,0.104,21,3
141,Bootstrap,Jaccard (incidence),2,1.6179414846156654,0.19930440342318695,0.122,16,3
141,Bootstrap,Gower (sqrt→z),2,5.890754924572059,0.4754153367112544,0.001,16,3
141,Bootstrap,Gower (prop→z),2,1.5665105966253268,0.19419928578296125,0.072,16,3
142,Bootstrap,Jaccard (incidence),2,1.6252764795280212,0.16051675061062448,0.082,20,3
142,Bootstrap,Gower (sqrt→z),2,7.842559413679348,0.47988562961042835,0.001,20,3
142,Bootstrap,Gower (prop→z),2,1.3775765464040641,0.1394650337491509,0.156,20,3
143,Bootstrap,Jaccard (incidence),2,2.084673547393203,0.21750073563644567,0.035,18,3
143,Bootstrap,Gower (sqrt→z),2,7.532889754368998,0.5010939265472708,0.001,18,3
143,Bootstrap,Gower (prop→z),2,1.5013390374522242,0.16679063317196963,0.11,18,3
144,Bootstrap,Jaccard (incidence),2,2.0496164556866483,0.25462287140882317,0.029,15,3
144,Bootstrap,Gower (sqrt→z),2,7.437684477483243,0.5534945019691558,0.001,15,3
144,Bootstrap,Gower (prop→z),2,2.0079206683946627,0.2507418281901122,0.018,15,3
145,Bootstrap,Jaccard (incidence),2,2.3937692031474316,0.24194714410620372,0.009,18,3
145,Bootstrap,Gower (sqrt→z),2,8.717334507345079,0.5375318923955638,0.001,18,3
145,Bootstrap,Gower (prop→z),2,2.2591299176086888,0.23148886598307022,0.004,18,3
146,Bootstrap,Jaccard (incidence),2,2.750242445753692,0.29731571489957925,0.004,16,3
146,Bootstrap,Gower (sqrt→z),2,9.916925445740125,0.6040671548711561,0.001,16,3
146,Bootstrap,Gower (prop→z),2,2.949513486982675,0.3121338988558324,0.001,16,3
147,Bootstrap,Jaccard (incidence),2,2.1716739731130486,0.20349890547485933,0.017,20,3
147,Bootstrap,Gower (sqrt→z),2,9.346005175592808,0.5237029286741955,0.001,20,3
147,Bootstrap,Gower (prop→z),2,2.2031245263820507,0.20583938091644033,0.007,20,3
148,Bootstrap,Jaccard (incidence),2,1.6394664608852079,0.20142185839376353,0.1,16,3
148,Bootstrap,Gower (sqrt→z),2,6.247994684033665,0.4901158840189209,0.001,16,3
148,Bootstrap,Gower (prop→z),2,1.2892281624991886,0.16551423781705438,0.213,16,3
149,Bootstrap,Jaccard (incidence),2,0.8089431601444922,0.11880597930080619,0.641,15,3
149,Bootstrap,Gower (sqrt→z),2,6.320888311215019,0.5130221256418229,0.001,15,3
149,Bootstrap,Gower (prop→z),2,0.9872313549522952,0.14129077810663612,0.441,15,3
150,Bootstrap,Jaccard (incidence),2,1.445563030090343,0.18193336641039856,0.158,16,3
150,Bootstrap,Gower (sqrt→z),2,6.124323348877028,0.4851209193260885,0.002,16,3
150,Bootstrap,Gower (prop→z),2,1.3015037277890416,0.16682729037904204,0.209,16,3
151,Bootstrap,Jaccard (incidence),2,2.2453071282966435,0.2428591172947133,0.014,17,3
151,Bootstrap,Gower (sqrt→z),2,9.001733016190007,0.5625473820293314,0.001,17,3
151,Bootstrap,Gower (prop→z),2,2.638896247828096,0.2737757705839723,0.002,17,3
152,Bootstrap,Jaccard (incidence),2,2.144542987868075,0.23451614703033355,0.015,17,3
152,Bootstrap,Gower (sqrt→z),2,8.82126673192,0.557557550946459,0.001,17,3
152,Bootstrap,Gower (prop→z),2,1.6826324618314736,0.19379289279239478,0.06,17,3
153,Bootstrap,Jaccard (incidence),2,2.1024704188583856,0.2081144840507212,0.026,19,3
153,Bootstrap,Gower (sqrt→z),2,8.623269572776271,0.5187469008442537,0.001,19,3
153,Bootstrap,Gower (prop→z),2,1.8667550109312196,0.18919644897061616,0.034,19,3
154,Bootstrap,Jaccard (incidence),2,1.4116487264340565,0.16782069393814256,0.188,17,3
154,Bootstrap,Gower (sqrt→z),2,6.147228448556586,0.4675683907532222,0.001,17,3
154,Bootstrap,Gower (prop→z),2,1.5884151939690145,0.18494857992944222,0.061,17,3
155,Bootstrap,Jaccard (incidence),2,1.2042520198348308,0.1383521544517139,0.25,18,3
155,Bootstrap,Gower (sqrt→z),2,6.328610832456315,0.4576461735117171,0.001,18,3
155,Bootstrap,Gower (prop→z),2,1.2032317274603446,0.13825114223535157,0.252,18,3
156,Bootstrap,Jaccard (incidence),2,1.693386912704037,0.18419619763462816,0.089,18,3
156,Bootstrap,Gower (sqrt→z),2,7.246873005422247,0.49141760444791643,0.001,18,3
156,Bootstrap,Gower (prop→z),2,1.7764771934836083,0.19150342920387062,0.052,18,3
157,Bootstrap,Jaccard (incidence),2,3.0096125734485795,0.2863676041733495,0.002,18,3
157,Bootstrap,Gower (sqrt→z),2,10.100294733515993,0.573870772418495,0.001,18,3
157,Bootstrap,Gower (prop→z),2,2.4447222791309997,0.2458311263514366,0.004,18,3
158,Bootstrap,Jaccard (incidence),2,1.9844569704015522,0.24854000438075505,0.048,15,3
158,Bootstrap,Gower (sqrt→z),2,8.305115007372523,0.5805696076607744,0.001,15,3
158,Bootstrap,Gower (prop→z),2,2.028250556764893,0.25263916994416874,0.012,15,3
159,Bootstrap,Jaccard (incidence),2,2.1702117476458733,0.2244223605728377,0.02,18,3
159,Bootstrap,Gower (sqrt→z),2,7.3251550482164545,0.4941030987124623,0.001,18,3
159,Bootstrap,Gower (prop→z),2,1.6523863096191507,0.18054158267800538,0.071,18,3
160,Bootstrap,Jaccard (incidence),2,1.7635568139765687,0.20123756271699614,0.079,17,3
160,Bootstrap,Gower (sqrt→z),2,6.623231180218258,0.48617182609626314,0.001,17,3
160,Bootstrap,Gower (prop→z),2,1.475674281757415,0.17410700702993942,0.122,17,3
161,Bootstrap,Jaccard (incidence),2,2.3535966594369158,0.251624775488085,0.006,17,3
161,Bootstrap,Gower (sqrt→z),2,8.705615799608111,0.5542995518727342,0.001,17,3
161,Bootstrap,Gower (prop→z),2,2.264000068750722,0.24438687952816784,0.005,17,3
162,Bootstrap,Jaccard (incidence),2,1.501690992793242,0.1876717051615398,0.126,16,3
162,Bootstrap,Gower (sqrt→z),2,6.416129112148312,0.4967532498659832,0.001,16,3
162,Bootstrap,Gower (prop→z),2,1.5504582488368042,0.19259254577971724,0.087,16,3
163,Bootstrap,Jaccard (incidence),2,1.851234541999296,0.1979668602776272,0.054,18,3
163,Bootstrap,Gower (sqrt→z),2,7.977755005094544,0.5154336014795845,0.001,18,3
163,Bootstrap,Gower (prop→z),2,1.4368579403263133,0.1607788721629662,0.126,18,3
164,Bootstrap,Jaccard (incidence),2,1.9146883135287927,0.18384499428961235,0.04,20,3
164,Bootstrap,Gower (sqrt→z),2,8.346937669568788,0.49545726548547464,0.001,20,3
164,Bootstrap,Gower (prop→z),2,1.4906856598694032,0.14920754296746527,0.107,20,3
165,Bootstrap,Jaccard (incidence),2,1.2720039928863378,0.1537721686280883,0.241,17,3
165,Bootstrap,Gower (sqrt→z),2,6.638504467425647,0.4867472444124004,0.001,17,3
165,Bootstrap,Gower (prop→z),2,1.3242296761970216,0.1590813477892893,0.178,17,3
166,Bootstrap,Jaccard (incidence),2,1.5901801773165127,0.15015610222785228,0.074,21,3
166,Bootstrap,Gower (sqrt→z),2,8.646770488285647,0.489991666975302,0.001,21,3
166,Bootstrap,Gower (prop→z),2,1.505798702785642,0.14333024507564332,0.076,21,3
167,Bootstrap,Jaccard (incidence),2,1.7837549253013876,0.19213722676371492,0.073,18,3
167,Bootstrap,Gower (sqrt→z),2,7.054235717598808,0.4846860978806952,0.001,18,3
167,Bootstrap,Gower (prop→z),2,1.6384295928934205,0.17929006031491013,0.074,18,3
168,Bootstrap,Jaccard (incidence),2,1.925686218269988,0.20430196525504887,0.042,18,3
168,Bootstrap,Gower (sqrt→z),2,7.563426607163002,0.5021053180268041,0.001,18,3
168,Bootstrap,Gower (prop→z),2,1.6794518516120562,0.18295774941257717,0.058,18,3
169,Bootstrap,Jaccard (incidence),2,1.4313950910888535,0.1602655661842799,0.146,18,3
169,Bootstrap,Gower (sqrt→z),2,6.907075432440693,0.4794224521715139,0.001,18,3
169,Bootstrap,Gower (prop→z),2,1.2499987659470284,0.14285702197030412,0.228,18,3
170,Bootstrap,Jaccard (incidence),2,2.0856466479858438,0.22955401291642805,0.022,17,3
170,Bootstrap,Gower (sqrt→z),2,7.753884860270494,0.5255486899691271,0.001,17,3
170,Bootstrap,Gower (prop→z),2,2.0732232792583236,0.22849909182746309,0.009,17,3
171,Bootstrap,Jaccard (incidence),2,2.165410287489633,0.23625895836276084,0.023,17,3
171,Bootstrap,Gower (sqrt→z),2,8.910281448319417,0.560032924449655,0.001,17,3
171,Bootstrap,Gower (prop→z),2,2.553046037852459,0.2672494226172899,0.001,17,3
172,Bootstrap,Jaccard (incidence),2,1.4818264413295699,0.16498052495325402,0.147,18,3
172,Bootstrap,Gower (sqrt→z),2,7.220407049858552,0.49050321946959563,0.001,18,3
172,Bootstrap,Gower (prop→z),2,1.4812869735733454,0.1649303688805294,0.091,18,3
173,Bootstrap,Jaccard (incidence),2,1.9615114692739746,0.21888176743391347,0.04,17,3
173,Bootstrap,Gower (sqrt→z),2,7.107023139890496,0.5037932574019768,0.001,17,3
173,Bootstrap,Gower (prop→z),2,1.677459920947588,0.1933123213739266,0.068,17,3
174,Bootstrap,Jaccard (incidence),2,1.9034357552036465,0.202419180048136,0.029,18,3
174,Bootstrap,Gower (sqrt→z),2,7.554553945607291,0.501811875190869,0.001,18,3
174,Bootstrap,Gower (prop→z),2,1.9896619892393796,0.20966626540497632,0.006,18,3
175,Bootstrap,Jaccard (incidence),2,1.5284426298475344,0.190378470684365,0.126,16,3
175,Bootstrap,Gower (sqrt→z),2,5.915681857303022,0.4764685439989235,0.001,16,3
175,Bootstrap,Gower (prop→z),2,1.6233672018688103,0.19983919986964874,0.063,16,3
176,Bootstrap,Jaccard (incidence),2,1.440187226977445,0.1525591804855086,0.154,19,3
176,Bootstrap,Gower (sqrt→z),2,7.039756855572253,0.4680765070323602,0.001,19,3
176,Bootstrap,Gower (prop→z),2,1.2735438720050638,0.13733087259657364,0.225,19,3
177,Bootstrap,Jaccard (incidence),2,1.3004599537276047,0.16671580412462145,0.229,16,3
177,Bootstrap,Gower (sqrt→z),2,6.856469994794473,0.5133444688204819,0.001,16,3
177,Bootstrap,Gower (prop→z),2,1.1879517122546415,0.1545212244714075,0.261,16,3
178,Bootstrap,Jaccard (incidence),2,1.691871415640536,0.18406169311308165,0.071,18,3
178,Bootstrap,Gower (sqrt→z),2,8.190428723486578,0.5220015888556665,0.001,18,3
178,Bootstrap,Gower (prop→z),2,1.278489809565498,0.1456389239265721,0.216,18,3
179,Bootstrap,Jaccard (incidence),2,2.299560768354753,0.2346595753332755,0.012,18,3
179,Bootstrap,Gower (sqrt→z),2,8.591884412713823,0.533926555296754,0.001,18,3
179,Bootstrap,Gower (prop→z),2,2.274165546122408,0.2326710689921363,0.006,18,3
180,Bootstrap,Jaccard (incidence),2,1.7614636043556053,0.2132144724848666,0.056,16,3
180,Bootstrap,Gower (sqrt→z),2,7.965106548495764,0.5506427845375296,0.001,16,3
180,Bootstrap,Gower (prop→z),2,2.012399637494122,0.23640803101280747,0.012,16,3
181,Bootstrap,Jaccard (incidence),2,1.9906301069393488,0.22141163447519613,0.036,17,3
181,Bootstrap,Gower (sqrt→z),2,7.043592626933159,0.5015520468334276,0.001,17,3
181,Bootstrap,Gower (prop→z),2,1.5640483152168616,0.18262955294610064,0.08,17,3
182,Bootstrap,Jaccard (incidence),2,1.8788159571810898,0.21160658878862376,0.064,17,3
182,Bootstrap,Gower (sqrt→z),2,6.562193628272282,0.48385930831959767,0.001,17,3
182,Bootstrap,Gower (prop→z),2,1.5190439057793084,0.17831154793659312,0.081,17,3
183,Bootstrap,Jaccard (incidence),2,1.7401874867487237,0.1699370728319776,0.055,20,3
183,Bootstrap,Gower (sqrt→z),2,8.140005708495277,0.48918286754790774,0.001,20,3
183,Bootstrap,Gower (prop→z),2,1.6866805741519715,0.16557705543764786,0.058,20,3
184,Bootstrap,Jaccard (incidence),2,1.8285489064778906,0.18604464645566485,0.059,19,3
184,Bootstrap,Gower (sqrt→z),2,7.3534999249504285,0.47894616607907864,0.001,19,3
184,Bootstrap,Gower (prop→z),2,1.4012997734351436,0.1490538337469822,0.136,19,3
185,Bootstrap,Jaccard (incidence),2,1.95302815483727,0.1868385051592425,0.041,20,3
185,Bootstrap,Gower (sqrt→z),2,8.43042459194195,0.49794525507378123,0.001,20,3
185,Bootstrap,Gower (prop→z),2,1.6388726009400945,0.16164248880966656,0.071,20,3
186,Bootstrap,Jaccard (incidence),2,1.8059128292965796,0.20507957145435843,0.062,17,3
186,Bootstrap,Gower (sqrt→z),2,8.212318374289909,0.5398466014338364,0.001,17,3
186,Bootstrap,Gower (prop→z),2,1.5829133852199617,0.18442611665472317,0.099,17,3
187,Bootstrap,Jaccard (incidence),2,1.2866612200600058,0.14643346179349098,0.232,18,3
187,Bootstrap,Gower (sqrt→z),2,6.829510564242631,0.47660459396880994,0.001,18,3
187,Bootstrap,Gower (prop→z),2,1.4668611852654982,0.16358691798149722,0.102,18,3
188,Bootstrap,Jaccard (incidence),2,1.9201317382591396,0.22804058154274515,0.049,16,3
188,Bootstrap,Gower (sqrt→z),2,7.88694320590522,0.5482014555161355,0.001,16,3
188,Bootstrap,Gower (prop→z),2,1.439605524077559,0.18131952774124957,0.115,16,3
189,Bootstrap,Jaccard (incidence),2,1.8229324326603795,0.20661298798031377,0.068,17,3
189,Bootstrap,Gower (sqrt→z),2,7.849694039240114,0.528609816370452,0.001,17,3
189,Bootstrap,Gower (prop→z),2,1.7434981180434495,0.19940510016757404,0.055,17,3
190,Bootstrap,Jaccard (incidence),2,1.3978093259522124,0.1664492811991438,0.173,17,3
190,Bootstrap,Gower (sqrt→z),2,6.400547266577004,0.47763327416790924,0.001,17,3
190,Bootstrap,Gower (prop→z),2,1.1708897524462551,0.14330015309479685,0.299,17,3
191,Bootstrap,Jaccard (incidence),2,1.5931028070738764,0.17519903171385462,0.118,18,3
191,Bootstrap,Gower (sqrt→z),2,6.975798638211679,0.48189387076701273,0.001,18,3
191,Bootstrap,Gower (prop→z),2,1.5146143310280775,0.16801765171637048,0.127,18,3
192,Bootstrap,Jaccard (incidence),2,2.355554766778468,0.25178140960096046,0.007,17,3
192,Bootstrap,Gower (sqrt→z),2,8.81456930198861,0.5573701776930602,0.001,17,3
192,Bootstrap,Gower (prop→z),2,2.3648800924178666,0.25252646793978234,0.002,17,3
193,Bootstrap,Jaccard (incidence),2,1.7957370237925696,0.18331821479394128,0.06,19,3
193,Bootstrap,Gower (sqrt→z),2,7.815931590924691,0.49418091789228125,0.001,19,3
193,Bootstrap,Gower (prop→z),2,1.3715873974019348,0.14635593088340373,0.166,19,3
194,Bootstrap,Jaccard (incidence),2,1.845582574742423,0.19748181132445775,0.037,18,3
194,Bootstrap,Gower (sqrt→z),2,7.765494319741841,0.5086958965815634,0.001,18,3
194,Bootstrap,Gower (prop→z),2,1.9512251887003247,0.2064520895167291,0.012,18,3
195,Bootstrap,Jaccard (incidence),2,2.7109960956341475,0.2418158094524606,0.007,20,3
195,Bootstrap,Gower (sqrt→z),2,9.728698167147096,0.5337023016092706,0.001,20,3
195,Bootstrap,Gower (prop→z),2,2.948046046271651,0.25751521564081736,0.002,20,3
196,Bootstrap,Jaccard (incidence),2,1.650048547250862,0.1907559868869495,0.089,17,3
196,Bootstrap,Gower (sqrt→z),2,7.241567565803614,0.5084810736138224,0.001,17,3
196,Bootstrap,Gower (prop→z),2,1.5918876036724197,0.18527798280228908,0.071,17,3
197,Bootstrap,Jaccard (incidence),2,1.2911156494016598,0.15572278858452962,0.246,17,3
197,Bootstrap,Gower (sqrt→z),2,6.486918890520006,0.4809785647246445,0.001,17,3
197,Bootstrap,Gower (prop→z),2,1.4795644619098014,0.17448590296777666,0.082,17,3
198,Bootstrap,Jaccard (incidence),2,1.6992530383027653,0.1751942166672364,0.062,19,3
198,Bootstrap,Gower (sqrt→z),2,8.498262841637905,0.5151004638009645,0.001,19,3
198,Bootstrap,Gower (prop→z),2,1.4502040975788038,0.15345743675000145,0.14,19,3
199,Bootstrap,Jaccard (incidence),2,1.9017016782354605,0.21363349918646404,0.051,17,3
199,Bootstrap,Gower (sqrt→z),2,8.09415597346881,0.536244357597471,0.001,17,3
199,Bootstrap,Gower (prop→z),2,2.090020516063609,0.22992473035348915,0.005,17,3
