result_key,result_label,analysis_scope,metric,reference_estimate,reference_p,reference_significant,reference_direction,whole_estimate,whole_p,whole_significant,whole_direction,obligate_damselfish_estimate,obligate_damselfish_p,obligate_damselfish_significant,obligate_damselfish_direction,estimate_min,estimate_max,p_min,p_max,prop_ranked_sig,ranked_sig_values,ranked_directions,sensitive,sensitivity_class,sensitivity_interpretation,reference_details,whole_details,obligate_damselfish_details
alpha_rarefied_richness_treatment,Treatment effect on rarefied richness,condition-subset coral-level alpha diversity,LMM treatment LRT; estimate is mean(6) - mean(1),1.6711028094861398,0.03280301369196141,TRUE,positive,2.0088172340504595,0.031870626580620065,TRUE,positive,0.5108009067534311,0.3111458849550578,FALSE,positive,-0.13493840551754088,2.006806984903191,0.022889114234584573,0.7036130672751058,0.5,FALSE/TRUE,negative | positive,TRUE,direction-sensitive across top-N,Alpha-diversity treatment tests are weak/variable and should not be over-emphasized as robust treatment effects.,NA,NA,NA
alpha_richness_treatment,Treatment effect on richness,condition-subset coral-level alpha diversity,LMM treatment LRT; estimate is mean(6) - mean(1),2.7857142857142847,0.24940640730295183,FALSE,positive,4.414285714285715,0.08087786524265939,FALSE,positive,-1.3952380952380956,0.16504173549229662,FALSE,negative,-0.5904761904761902,4.366666666666667,0.06312978357610696,0.5770312792607395,0,FALSE,negative | positive,TRUE,direction-sensitive across top-N,Alpha-diversity treatment tests are weak/variable and should not be over-emphasized as robust treatment effects.,NA,NA,NA
alpha_shannon_treatment,Treatment effect on shannon,condition-subset coral-level alpha diversity,LMM treatment LRT; estimate is mean(6) - mean(1),0.28747362679258126,0.02468826101946422,TRUE,positive,0.3460721117026653,0.017382889279244626,TRUE,positive,0.0944543209060269,0.36650174378586714,FALSE,positive,-0.05896613404901929,0.34545356457420207,0.013345237762758843,0.8228927142031146,0.5,FALSE/TRUE,negative | positive,TRUE,direction-sensitive across top-N,Alpha-diversity treatment tests are weak/variable and should not be over-emphasized as robust treatment effects.,NA,NA,NA
alpha_simpson_treatment,Treatment effect on simpson,condition-subset coral-level alpha diversity,LMM treatment LRT; estimate is mean(6) - mean(1),0.058194973438914444,0.08511389415599978,FALSE,positive,0.06272207472964397,0.059477461923380034,FALSE,positive,0.06456438001715803,0.18193789990034379,FALSE,positive,-0.012542727444981416,0.06287654586148739,0.057475014978410094,0.9157893484797501,0,FALSE,negative | positive,TRUE,direction-sensitive across top-N,Alpha-diversity treatment tests are weak/variable and should not be over-emphasized as robust treatment effects.,NA,NA,NA
cafi_pc1_condition_HELLINGER,CAFI community PC1 predicts coral condition PC1 (HELLINGER),condition-subset coral-level CAFI-condition link,LMM slope; PC1 aligned to condition PC1,0.31116363236126515,0.007838381604339147,TRUE,positive,0.17354021636396655,0.05424406843996317,FALSE,positive,0.32292907024900436,0.01516205076804907,TRUE,positive,0.19995426747378134,0.37762901607965277,0.002792700940574855,0.04589571026742705,1,TRUE,positive,TRUE,functional-subset sensitive,The CAFI-condition link is the key test for whether reduced matrices retain the feedback signal.,PC1 variance=0.147; PCA species used=38,PC1 variance=0.090; PCA species used=96,PC1 variance=0.128; PCA species used=26
cafi_pc1_condition_SQRT,CAFI community PC1 predicts coral condition PC1 (SQRT),condition-subset coral-level CAFI-condition link,LMM slope; PC1 aligned to condition PC1,0.17941878154270124,0.15333407193156448,FALSE,positive,0.17889163181521367,0.1557251992287116,FALSE,positive,0.27066641107427825,0.013805503110968474,TRUE,positive,0.17624339962718452,0.19125041436991533,0.11337689279358178,0.1567417052037056,0,FALSE,positive,TRUE,functional-subset sensitive,The CAFI-condition link is the key test for whether reduced matrices retain the feedback signal.,PC1 variance=0.742; PCA species used=38,PC1 variance=0.718; PCA species used=96,PC1 variance=0.793; PCA species used=26
species_condition_sig_negative_count,Number of included species negatively associated with coral condition,condition-subset per-species LMMs,unadjusted p < 0.05 count,2,NA,TRUE,count,2,NA,TRUE,count,1,NA,TRUE,count,0,2,NA,NA,0.7,FALSE/TRUE,count,TRUE,identity/count depends on included species,Per-species rows are sensitive to inclusion because absent taxa cannot be tested; coefficients themselves do not depend on other species in the matrix.,BH-negative=0,BH-negative=0,BH-negative=0
species_condition_sig_positive_count,Number of included species positively associated with coral condition,condition-subset per-species LMMs,unadjusted p < 0.05 count,2,NA,TRUE,count,6,NA,TRUE,count,2,NA,TRUE,count,1,6,NA,NA,1,TRUE,count,TRUE,identity/count depends on included species,Per-species rows are sensitive to inclusion because absent taxa cannot be tested; coefficients themselves do not depend on other species in the matrix.,BH-positive=1,BH-positive=2,BH-positive=1
species_scaling_point_above_pct_t6,Percent of included species with observed 6-coral density above proportional expectation,full CAFI reef-level abundance,point-estimate percent,68.42105263157895,NA,NA,mostly above,54.54545454545454,NA,NA,mostly above,45.45454545454545,NA,NA,mostly below,40,68.42105263157895,NA,NA,0,,mostly above | mostly below,TRUE,identity/count depends on included species,NA,26 above; 12 below,42 above; 35 below,10 above; 12 below
species_scaling_sig_above_count,Number of species significantly above proportional scaling,full CAFI reef-level abundance,CI non-overlap count,2,NA,TRUE,count,6,NA,TRUE,count,0,NA,FALSE,count,0,6,NA,NA,0.6,FALSE/TRUE,count,TRUE,identity/count depends on included species,The number and identity of above-expected species necessarily change with N; the corrected 38-species set should be the stated inferential universe.,Mitrella moleculina; Xanthias lamarckii,Breviturma pica; Chlorodiella laevissima; Cyclodius nitidus; Mitrella moleculina; Morula uva; Xanthias lamarckii,
species_scaling_sig_below_count,Number of species significantly below proportional scaling,full CAFI reef-level abundance,CI non-overlap count,1,NA,TRUE,count,1,NA,TRUE,count,1,NA,TRUE,count,0,1,NA,NA,0.9,FALSE/TRUE,count,TRUE,identity/count depends on included species,The below-expected result is sensitive to whether Dascyllus aruanus is included; in the corrected 38-species set it is the significant below-expected species.,Dascyllus aruanus,Dascyllus aruanus,Dascyllus aruanus
species_condition_Alpheus.diadema,Alpheus diadema abundance predicts coral condition,condition-subset per-species LMMs,sqrt abundance LMM,-0.9949772626830148,0.042254248847044616,TRUE,negative,-0.9949772626830148,0.042254248847044616,TRUE,negative,-0.9949772626830148,0.042254248847044616,TRUE,negative,-0.9949772626830148,-0.9949772626830148,0.042254248847044616,0.042254248847044616,0.4,TRUE,negative | not included,TRUE,inclusion-sensitive; coefficient stable when species is included,Per-species rows are sensitive to inclusion because absent taxa cannot be tested; coefficients themselves do not depend on other species in the matrix.,BH p=0.401,BH p=0.507,BH p=0.366
species_condition_Calcinus.latens,Calcinus latens abundance predicts coral condition,condition-subset per-species LMMs,sqrt abundance LMM,0.453427200510809,0.07846820668005616,FALSE,positive,0.453427200510809,0.07846820668005616,FALSE,positive,NA,NA,NA,not included,0.453427200510809,0.453427200510809,0.07846820668005616,0.07846820668005616,0,FALSE,not included | positive,TRUE,inclusion-sensitive; coefficient stable when species is included,Per-species rows are sensitive to inclusion because absent taxa cannot be tested; coefficients themselves do not depend on other species in the matrix.,BH p=0.529,BH p=0.690,species not in this inclusion set
species_condition_Caracanthus.maculatus,Caracanthus maculatus abundance predicts coral condition,condition-subset per-species LMMs,sqrt abundance LMM,1.422151275487304,8.479723820138816e-4,TRUE,positive,1.422151275487304,8.479723820138816e-4,TRUE,positive,1.422151275487304,8.479723820138816e-4,TRUE,positive,1.422151275487304,1.422151275487304,8.479723820138816e-4,8.479723820138816e-4,0.6,TRUE,not included | positive,TRUE,inclusion-sensitive; coefficient stable when species is included,Per-species rows are sensitive to inclusion because absent taxa cannot be tested; coefficients themselves do not depend on other species in the matrix.,BH p=0.032,BH p=0.042,BH p=0.022
species_condition_Dascyllus.aruanus,Dascyllus aruanus abundance predicts coral condition,condition-subset per-species LMMs,sqrt abundance LMM,0.194296000323678,0.3624344603920221,FALSE,positive,0.194296000323678,0.3624344603920221,FALSE,positive,0.194296000323678,0.3624344603920221,FALSE,positive,0.194296000323678,0.194296000323678,0.3624344603920221,0.3624344603920221,0,FALSE,not included | positive,TRUE,inclusion-sensitive; coefficient stable when species is included,Per-species rows are sensitive to inclusion because absent taxa cannot be tested; coefficients themselves do not depend on other species in the matrix.,BH p=0.766,BH p=0.941,BH p=0.674
species_condition_Dascyllus.flavicaudus,Dascyllus flavicaudus abundance predicts coral condition,condition-subset per-species LMMs,sqrt abundance LMM,0.3205959637563025,0.12536996046120258,FALSE,positive,0.3205959637563025,0.12536996046120258,FALSE,positive,0.3205959637563025,0.12536996046120258,FALSE,positive,0.3205959637563025,0.3205959637563025,0.12536996046120258,0.12536996046120258,0,FALSE,not included | positive,TRUE,inclusion-sensitive; coefficient stable when species is included,Per-species rows are sensitive to inclusion because absent taxa cannot be tested; coefficients themselves do not depend on other species in the matrix.,BH p=0.529,BH p=0.708,BH p=0.466
species_condition_Luniella.pugil,Luniella pugil abundance predicts coral condition,condition-subset per-species LMMs,sqrt abundance LMM,-0.9168362992040319,0.013487619502702334,TRUE,negative,-0.9168362992040319,0.013487619502702334,TRUE,negative,NA,NA,NA,not included,-0.9168362992040319,-0.9168362992040319,0.013487619502702334,0.013487619502702334,0.7,TRUE,negative | not included,TRUE,inclusion-sensitive; coefficient stable when species is included,Per-species rows are sensitive to inclusion because absent taxa cannot be tested; coefficients themselves do not depend on other species in the matrix.,BH p=0.256,BH p=0.216,species not in this inclusion set
species_condition_Mitrella.moleculina,Mitrella moleculina abundance predicts coral condition,condition-subset per-species LMMs,sqrt abundance LMM,-0.34132576711190454,0.4291240681370463,FALSE,negative,-0.34132576711190454,0.4291240681370463,FALSE,negative,NA,NA,NA,not included,-0.34132576711190454,-0.34132576711190454,0.4291240681370463,0.4291240681370463,0,FALSE,negative | not included,TRUE,inclusion-sensitive; coefficient stable when species is included,Per-species rows are sensitive to inclusion because absent taxa cannot be tested; coefficients themselves do not depend on other species in the matrix.,BH p=0.858,BH p=0.967,species not in this inclusion set
species_condition_Morula.zebrina,Morula zebrina abundance predicts coral condition,condition-subset per-species LMMs,sqrt abundance LMM,0.13307793325593925,0.7461137511684801,FALSE,positive,0.13307793325593925,0.7461137511684801,FALSE,positive,NA,NA,NA,not included,0.13307793325593925,0.13307793325593925,0.7461137511684801,0.7461137511684801,0,FALSE,not included | positive,TRUE,inclusion-sensitive; coefficient stable when species is included,Per-species rows are sensitive to inclusion because absent taxa cannot be tested; coefficients themselves do not depend on other species in the matrix.,BH p=0.898,BH p=0.967,species not in this inclusion set
species_condition_Xanthias.lamarckii,Xanthias lamarckii abundance predicts coral condition,condition-subset per-species LMMs,sqrt abundance LMM,-0.36809062702522255,0.48262724843948035,FALSE,negative,-0.36809062702522255,0.48262724843948035,FALSE,negative,NA,NA,NA,not included,-0.36809062702522255,-0.36809062702522255,0.48262724843948035,0.48262724843948035,0,FALSE,negative | not included,TRUE,inclusion-sensitive; coefficient stable when species is included,Per-species rows are sensitive to inclusion because absent taxa cannot be tested; coefficients themselves do not depend on other species in the matrix.,BH p=0.873,BH p=0.967,species not in this inclusion set
beta_permanova_jaccard,Treatment effect on community composition: jaccard,condition-subset reef-level beta diversity,PERMANOVA/adonis2,0.196844296762867,0.001,TRUE,NA,0.1993174873963079,0.001,TRUE,NA,0.24784697014475807,0.003,TRUE,NA,0.05443373830470611,0.20930434219830774,0.001,0.48,0.6,FALSE/TRUE,,TRUE,significance-sensitive across top-N,"Community-composition treatment effects are generally robust, but metric and functional subset can change strength.",NA,NA,NA
cafi_pc1_treatment_SQRT_CS,Treatment effect on CAFI community PC1 (SQRT_CS),condition-subset coral-level CAFI PCA,LMM treatment LRT; PC1 aligned to condition PC1,-3.336968647981708,0.0018737483339007336,TRUE,negative,-3.5301000044406297,0.0072220357550754595,TRUE,negative,-1.8517802158238332,0.0066849242269559715,TRUE,negative,-3.771765003331383,-0.9503767106730793,9.83026929657903e-4,0.2586096937510818,0.9,FALSE/TRUE,negative,TRUE,significance-sensitive across top-N,Treatment effects on PC1 are robust if sign/significance remain stable after PC1 orientation is aligned to condition.,PC1 variance=0.138; PCA species used=38,PC1 variance=0.084; PCA species used=96,PC1 variance=0.136; PCA species used=26
cafi_pc1_condition_SQRT_CS,CAFI community PC1 predicts coral condition PC1 (SQRT_CS),condition-subset coral-level CAFI-condition link,LMM slope; PC1 aligned to condition PC1,0.3005605252118914,0.014363846699573402,TRUE,positive,0.15672127846734293,0.09366766522331531,FALSE,positive,0.2676096074970217,0.03391190630987612,TRUE,positive,0.16983498134318195,0.497143736554938,0.004661102498715055,0.08686179112987061,0.6,FALSE/TRUE,positive,TRUE,significance-sensitive and functional-subset sensitive,The CAFI-condition link is the key test for whether reduced matrices retain the feedback signal.,PC1 variance=0.138; PCA species used=38,PC1 variance=0.084; PCA species used=96,PC1 variance=0.136; PCA species used=26
beta_permanova_bray_sqrt,Treatment effect on community composition: bray_sqrt,condition-subset reef-level beta diversity,PERMANOVA/adonis2,0.30614121043320736,0.001,TRUE,NA,0.29436257591284376,0.001,TRUE,NA,0.2800482797557577,0.001,TRUE,NA,0.2966940688839368,0.3459388026800097,0.001,0.001,1,TRUE,,FALSE,not sensitive in tested scenarios,"Community-composition treatment effects are generally robust, but metric and functional subset can change strength.",NA,NA,NA
beta_permanova_gower_sqrt_z,Treatment effect on community composition: gower_sqrt_z,condition-subset reef-level beta diversity,PERMANOVA/adonis2,0.49736698783213934,0.001,TRUE,NA,0.42568730014263,0.001,TRUE,NA,0.45276086196558335,0.001,TRUE,NA,0.43781865233041484,0.5767974685811528,0.001,0.002,1,TRUE,,FALSE,not sensitive in tested scenarios,"Community-composition treatment effects are generally robust, but metric and functional subset can change strength.",NA,NA,NA
cafi_pc1_treatment_HELLINGER,Treatment effect on CAFI community PC1 (HELLINGER),condition-subset coral-level CAFI PCA,LMM treatment LRT; PC1 aligned to condition PC1,-3.4133845505116827,0.0011042643900296795,TRUE,negative,-3.4132439944263733,0.02604851465128345,TRUE,negative,-2.0108671961005973,0.0032656768316826363,TRUE,negative,-3.8086020041192272,-1.6460026238848537,7.58426284213717e-4,0.04553162457395855,1,TRUE,negative,FALSE,not sensitive in tested scenarios,Treatment effects on PC1 are robust if sign/significance remain stable after PC1 orientation is aligned to condition.,PC1 variance=0.147; PCA species used=38,PC1 variance=0.090; PCA species used=96,PC1 variance=0.128; PCA species used=26
cafi_pc1_treatment_SQRT,Treatment effect on CAFI community PC1 (SQRT),condition-subset coral-level CAFI PCA,LMM treatment LRT; PC1 aligned to condition PC1,-0.9622838804911416,0.6221650995768181,FALSE,negative,-0.9403096622888958,0.6318498731311676,FALSE,negative,-2.186038898690059,0.10601777835443947,FALSE,negative,-1.3615056489986603,-0.9404526456020683,0.4274314346764199,0.6320387688717751,0,FALSE,negative,FALSE,not sensitive in tested scenarios,Treatment effects on PC1 are robust if sign/significance remain stable after PC1 orientation is aligned to condition.,PC1 variance=0.742; PCA species used=38,PC1 variance=0.718; PCA species used=96,PC1 variance=0.793; PCA species used=26
species_condition_Harpiliopsis.spinigera,Harpiliopsis spinigera abundance predicts coral condition,condition-subset per-species LMMs,sqrt abundance LMM,0.4545990052723649,0.14732350735077587,FALSE,positive,0.4545990052723649,0.14732350735077587,FALSE,positive,0.4545990052723649,0.14732350735077587,FALSE,positive,0.4545990052723649,0.4545990052723649,0.14732350735077587,0.14732350735077587,0,FALSE,positive,FALSE,not sensitive in tested scenarios,Per-species rows are sensitive to inclusion because absent taxa cannot be tested; coefficients themselves do not depend on other species in the matrix.,BH p=0.560,BH p=0.744,BH p=0.479
species_condition_Trapezia.serenei,Trapezia serenei abundance predicts coral condition,condition-subset per-species LMMs,sqrt abundance LMM,-0.023161394281729055,0.9622448410655704,FALSE,negative,-0.023161394281729055,0.9622448410655704,FALSE,negative,-0.023161394281729055,0.9622448410655704,FALSE,negative,-0.023161394281729055,-0.023161394281729055,0.9622448410655704,0.9622448410655704,0,FALSE,negative,FALSE,not sensitive in tested scenarios,Per-species rows are sensitive to inclusion because absent taxa cannot be tested; coefficients themselves do not depend on other species in the matrix.,BH p=0.962,BH p=0.992,BH p=0.981
total_abundance_scaling_t6,Total CAFI abundance in 6-coral reefs vs proportional expectation,full CAFI reef-level abundance,percent deviation from 6 x mean single-coral reef,-10.890557939914174,NA,FALSE,Proportional,-8.832644628099173,NA,FALSE,Proportional,-40.9054805401112,NA,FALSE,Proportional,-30.8,-9.010875194199897,NA,NA,0,FALSE,Proportional,FALSE,not sensitive in tested scenarios,Total abundance remains close to proportional unless the set is restricted to selected functional taxa; use whole-community scaling for Field-of-Dreams claims.,obs=553.67; expected=621.33; bootstrap class=Proportional,obs=588.33; expected=645.33; bootstrap class=Proportional,obs=248.00; expected=419.67; bootstrap class=Proportional
coral_condition_pc1_treatment,Treatment effect on coral condition PC1,coral-only physiology/condition model,NA,NA,NA,NA,NA,NA,NA,NA,NA,NA,NA,NA,NA,NA,NA,NA,NA,NA,NA,NA,FALSE,not species-set dependent,"This result does not use a CAFI species matrix, so changing the number or identity of CAFI taxa cannot alter the analysis.",NA,NA,NA
coral_growth_allometric_treatment,Treatment effects on coral growth allometry,coral-only growth model,NA,NA,NA,NA,NA,NA,NA,NA,NA,NA,NA,NA,NA,NA,NA,NA,NA,NA,NA,NA,FALSE,not species-set dependent,"This result does not use a CAFI species matrix, so changing the number or identity of CAFI taxa cannot alter the analysis.",NA,NA,NA
coral_growth_size_corrected_treatment,Treatment effect on size-corrected coral growth,coral-only growth model,NA,NA,NA,NA,NA,NA,NA,NA,NA,NA,NA,NA,NA,NA,NA,NA,NA,NA,NA,NA,FALSE,not species-set dependent,"This result does not use a CAFI species matrix, so changing the number or identity of CAFI taxa cannot alter the analysis.",NA,NA,NA
individual_physiology_trait_treatment,Treatment effects on individual coral physiology traits,coral-only physiology model,NA,NA,NA,NA,NA,NA,NA,NA,NA,NA,NA,NA,NA,NA,NA,NA,NA,NA,NA,NA,FALSE,not species-set dependent,"This result does not use a CAFI species matrix, so changing the number or identity of CAFI taxa cannot alter the analysis.",NA,NA,NA
